{
  "a2_UCLA": {
    "a1_USCB": 0.000568700961029108,
    "a0_SRI": 0.00012611382487185684,
    "a3_UTAH": 0.00023045434731155598
  },
  "a1_USCB": {
    "a2_UCLA": 0.0010134724666135597,
    "a0_SRI": 0.0006352188967786548,
    "a3_UTAH": 0.0006571571021238794
  },
  "a0_SRI": {
    "a1_USCB": 0.0008116520715643467,
    "a2_UCLA": 0.0006432400505915586,
    "a3_UTAH": 0.0010055220876435227
  },
  "a3_UTAH": {
    "a1_USCB": 0.007782034122266406,
    "a2_UCLA": 0.02960137081345663
  }
}