{"a2_UCLA": {"a1_USCB": 0.00017656859872580883, "a0_SRI": 0.0001402018921260506, "a3_UTAH": 0.08357584161700407}, "a1_USCB": {"a2_UCLA": 0.0005804060784043157, "a0_SRI": 0.0004361639207003034, "a3_UTAH": 0.0005749937473427211}, "a0_SRI": {"a1_USCB": 0.0015948015885635458, "a2_UCLA": 0.00044339753544743747, "a3_UTAH": 0.0015521996893367613}, "a3_UTAH": {"a1_USCB": 0.023877702258864913, "a2_UCLA": 0.032976843046077585}}