{
    "Garr201004_0000.yml": 1273995.015625,
    "Cesnet1999_0000.yml": 4134.8125,
    "Iinet_0000.yml": 163987.53125,
    "Ilan_0000.yml": 106699.078125,
    "Packetexchange_0000.yml": 61454.9375,
    "Ulaknet_0000.yml": 366412.21875,
    "Palmetto_0000.yml": 122053.84375,
    "Cesnet200304_0000.yml": 279243.953125,
    "HiberniaUs_0000.yml": 109926.578125,
    "VtlWavenet2008_0000.yml": 105123.03125,
    "Colt_0000.yml": 95186.265625,
    "Globenet_0000.yml": 208057.328125,
    "Evolink_0000.yml": 113569.265625,
    "SwitchL3_0000.yml": 996416.015625,
    "Fccn_0000.yml": 83014.875,
    "Restena_0000.yml": 654419.28125,
    "DialtelecomCz_0000.yml": 147671.421875,
    "Sprint_0000.yml": 7420.09375,
    "Mren_0000.yml": 50835.421875,
    "Canerie_0000.yml": 110761.6875,
    "Esnet_0000.yml": 1746305.421875,
    "Marnet_0000.yml": 75701.84375,
    "Litnet_0000.yml": 63385.140625,
    "Intranetwork_0000.yml": 78692.53125,
    "BtLatinAmerica_0000.yml": 51157.859375,
    "Iris_0000.yml": 123992.53125,
    "Belnet2004_0000.yml": 1051358.578125,
    "Roedunet_0000.yml": 23601.15625,
    "Azrena_0000.yml": 56159.015625,
    "Integra_0000.yml": 134862.765625,
    "Garr200112_0000.yml": 19109.609375,
    "AsnetAm_0000.yml": 97103.796875,
    "Garr200908_0000.yml": 791194.359375,
    "Latnet_0000.yml": 10456.5,
    "Uunet_0000.yml": 13875.484375,
    "Abvt_0000.yml": 106594.9375,
    "PionierL3_0000.yml": 3472702.5625,
    "Interoute_0000.yml": 233681.84375,
    "Karen_0000.yml": 754884.328125,
    "Itnet_0000.yml": 131679.875,
    "Cesnet1993_0000.yml": 207.671875,
    "Garr201105_0000.yml": 778055.078125,
    "Garr201111_0000.yml": 430484.421875,
    "Netrail_0000.yml": 6251.34375,
    "WideJpn_0000.yml": 513309.21875,
    "Funet_0000.yml": 98394.265625,
    "Garr201003_0000.yml": 1085094.03125,
    "Layer42_0000.yml": 67279.125,
    "Tw_0000.yml": 369420.25,
    "Garr201008_0000.yml": 1008312.015625,
    "JanetExternal_0000.yml": 85228.046875,
    "Niif_0000.yml": 205900.09375,
    "Claranet_0000.yml": 129356.1875,
    "Peer1_0000.yml": 133095.34375,
    "Garr201110_0000.yml": 547235.109375,
    "Garr199901_0000.yml": 134825.96875,
    "Amres_0000.yml": 41318.203125,
    "Ernet_0000.yml": 90477.828125,
    "Garr201201_0000.yml": 735043.59375,
    "Gambia_0000.yml": 8568.71875,
    "Easynet_0000.yml": 85800.09375,
    "Ai3_0000.yml": 69179.75,
    "Geant2001_0000.yml": 1297756.25,
    "Vinaren_0000.yml": 8102.625,
    "Nordu1997_0000.yml": 76178.625,
    "Arn_0000.yml": 1459.234375,
    "Cernet_0000.yml": 211111.90625,
    "Harnet_0000.yml": 116875.15625,
    "Garr201109_0000.yml": 523306.296875,
    "Uninett2010_0000.yml": 423261.96875,
    "Belnet2006_0000.yml": 907690.28125,
    "Pern_0000.yml": 67581.609375,
    "Cesnet200706_0000.yml": 344826.5625,
    "Fatman_0000.yml": 69259.796875,
    "Janetlense_0000.yml": 510947.421875,
    "Telecomserbia_0000.yml": 160671.0,
    "Ntelos_0000.yml": 113931.953125,
    "Ibm_0000.yml": 7183.359375,
    "Oxford_0000.yml": 96198.796875,
    "Twaren_0000.yml": 77986.859375,
    "CrlNetworkServices_0000.yml": 5138.390625,
    "Cudi_0000.yml": 206268.859375,
    "VisionNet_0000.yml": 50402.828125,
    "Belnet2010_0000.yml": 111519.8125,
    "Forthnet_0000.yml": 1579893.0625,
    "Xspedius_0000.yml": 192788.78125,
    "Darkstrand_0000.yml": 85111.140625,
    "Arnes_0000.yml": 1358448.34375,
    "Cynet_0000.yml": 10904.859375,
    "Rnp_0000.yml": 560534.390625,
    "RedBestel_0000.yml": 130026.90625,
    "Jgn2Plus_0000.yml": 42009.625,
    "KentmanJan2011_0000.yml": 180425.671875,
    "Bbnplanet_0000.yml": 3346.1875,
    "Renater2001_0000.yml": 45470.9375,
    "Airtel_0000.yml": 353620.1875,
    "Garr201012_0000.yml": 895714.71875,
    "GtsRomania_0000.yml": 101485.96875,
    "Arpanet19723_0000.yml": 86012.875,
    "Iij_0000.yml": 1623119.765625,
    "Savvis_0000.yml": 3331.140625,
    "LambdaNet_0000.yml": 92567.234375,
    "Belnet2009_0000.yml": 101929.578125,
    "Cwix_0000.yml": 5776.4375,
    "Internetmci_0000.yml": 35561.203125,
    "Agis_0000.yml": 13859.5,
    "Garr199904_0000.yml": 19176.515625,
    "Gblnet_0000.yml": 35367.140625,
    "Tinet_0000.yml": 104503.84375,
    "TLex_0000.yml": 664352.671875,
    "RoedunetFibre_0000.yml": 67435.1875,
    "Garr200404_0000.yml": 22765.078125,
    "HiberniaNireland_0000.yml": 98711.078125,
    "UsSignal_0000.yml": 166139.84375,
    "Cesnet2001_0000.yml": 78089.171875,
    "Grena_0000.yml": 36850.703125,
    "UsCarrier_0000.yml": 111741.390625,
    "Shentel_0000.yml": 90650.375,
    "Missouri_0000.yml": 122205.390625,
    "AttMpls_0000.yml": 391613.140625,
    "Geant2012_0000.yml": 1654290.84375,
    "Noel_0000.yml": 115102.296875,
    "Garr201101_0000.yml": 1054523.40625,
    "HurricaneElectric_0000.yml": 145293.484375,
    "Renater2010_0000.yml": 29063.484375,
    "BsonetEurope_0000.yml": 135913.546875,
    "Basnet_0000.yml": 1467.5625,
    "Sunet_0000.yml": 150159.5,
    "Ntt_0000.yml": 13194368.046875,
    "Geant2010_0000.yml": 1829544.125,
    "Arpanet19719_0000.yml": 79970.75,
    "Renater2008_0000.yml": 490199.046875,
    "Internode_0000.yml": 673400.125,
    "Atmnet_0000.yml": 13155.1875,
    "Aarnet_0000.yml": 647035.296875,
    "Garr200902_0000.yml": 935588.265625,
    "VtlWavenet2011_0000.yml": 110305.625,
    "Belnet2007_0000.yml": 97825.8125,
    "Belnet2008_0000.yml": 84810.890625,
    "Sago_0000.yml": 42943.4375,
    "Garr201001_0000.yml": 871198.078125,
    "Telcove_0000.yml": 43980.078125,
    "Digex_0000.yml": 3882.609375,
    "BtAsiaPac_0000.yml": 233780.40625,
    "Nsfcnet_0000.yml": 52653.59375,
    "GtsPoland_0000.yml": 116046.015625,
    "Garr201005_0000.yml": 982395.5,
    "EliBackbone_0000.yml": 162324.25,
    "HiberniaCanada_0000.yml": 73115.59375,
    "Marwan_0000.yml": 7111.9375,
    "York_0000.yml": 75224.046875,
    "Intellifiber_0000.yml": 103753.234375,
    "Abilene_0000.yml": 922874.15625,
    "Kreonet_0000.yml": 593387.140625,
    "KentmanJul2005_0000.yml": 10063.234375,
    "Nordu2005_0000.yml": 703983.453125,
    "Cesnet201006_0000.yml": 207761.203125,
    "HostwayInternational_0000.yml": 84576.078125,
    "Garr200909_0000.yml": 796812.59375,
    "Globalcenter_0000.yml": 21483.15625,
    "Garr201103_0000.yml": 391239.9375,
    "Grnet_0000.yml": 405785.671875,
    "Renater2006_0000.yml": 423473.8125,
    "Rediris_0000.yml": 406483.390625,
    "Heanet_0000.yml": 137363.625,
    "Garr201104_0000.yml": 586173.84375,
    "Getnet_0000.yml": 3606.421875,
    "Eenet_0000.yml": 92671.5,
    "Ans_0000.yml": 6461.421875,
    "Singaren_0000.yml": 96215.609375,
    "PionierL1_0000.yml": 103271.078125,
    "Oteglobe_0000.yml": 173858.9375,
    "Belnet2003_0000.yml": 813512.609375,
    "Deltacom_0000.yml": 238029.6875,
    "Bellsouth_0000.yml": 136041.390625,
    "Compuserve_0000.yml": 5752.671875,
    "Chinanet_0000.yml": 506128.421875,
    "Napnet_0000.yml": 3998.78125,
    "Garr200109_0000.yml": 23642.421875,
    "Biznet_0000.yml": 97618.1875,
    "Highwinds_0000.yml": 216241.75,
    "Garr201010_0000.yml": 1172422.59375,
    "Renater1999_0000.yml": 8704.4375,
    "Cesnet1997_0000.yml": 1520.65625,
    "Reuna_0000.yml": 12889.359375,
    "GtsSlovakia_0000.yml": 70861.03125,
    "Rhnet_0000.yml": 52664.078125,
    "Zamren_0000.yml": 3733.609375,
    "Dfn_0000.yml": 275306.140625,
    "KentmanApr2007_0000.yml": 52082.40625,
    "Aconet_0000.yml": 633775.109375,
    "Bellcanada_0000.yml": 92515.375,
    "KentmanAug2005_0000.yml": 14243.421875,
    "Cogentco_0000.yml": 176395.859375,
    "Quest_0000.yml": 169410.34375,
    "Sanet_0000.yml": 1200248.1875,
    "Cesnet200511_0000.yml": 231397.375,
    "GtsCzechRepublic_0000.yml": 82113.515625,
    "Bics_0000.yml": 172439.078125,
    "Myren_0000.yml": 77023.578125,
    "DeutscheTelekom_0000.yml": 194726.875,
    "NetworkUsa_0000.yml": 98858.421875,
    "BeyondTheNetwork_0000.yml": 186198.78125,
    "Gridnet_0000.yml": 7381.625,
    "Pacificwave_0000.yml": 1681191.5625,